run_name,run_kind,role,representative,refinement_axis,seed,perturbation,growth_rate,axial_stiffness,bending_stiffness,drag_density,amplitude,n_nodes,requested_dt,accepted_dt_min,accepted_dt_max,rejected_trials,event_count,G_b,G_s,chi,label,onset_time,peak_transverse_amplitude,peak_curvature_rms,mode_spectrum,mode_fractions,energy_initial,energy_final,reference_length_final,total_length_final,growth_work_cumulative,dissipation_estimate_cumulative,mechanical_balance_residual_cumulative,endpoint_force_residual_final,endpoint_moment_residual_final,endpoint_shear_residual_final,failure_reason,failure_reason_codes,numerical_status,numerical_reason_codes
straight__spatial_n5,deterministic_fixture,straight,straight,spatial,,"{""amplitude_base"": 0.02, ""amplitude_effective"": 0.02, ""amplitude_factor"": 1.0, ""initial_condition_is_perturbation_only"": true, ""mode"": ""deterministic_sine"", ""noise_fraction"": 0.0, ""seed"": null}",0.1,5.0,0.02,1.0,0.02,5,0.001,0.001,0.001,0,1501,0.8212785803747471,0.08000000000000002,0.001,sub-threshold-or-relaxing,,0.02,0.03825182382726037,"[0.018991835092291437, -1.3010426069826053e-18, -1.0082497836558235e-06, -3.0357660829594124e-18, -3.2052705901020224e-08, 3.848917712323541e-18]","{""1"": 0.999999997178753, ""2"": 4.692985106863635e-33, ""3"": 2.8183985876146996e-09, ""4"": 2.5550696692924235e-32, ""5"": 2.848364306910369e-12, ""6"": 4.107176722864511e-32}",2.194696699759354e-05,0.0006203089425326268,2.3242128592049527,2.3016492934906787,0.013064099908478408,0.012537354486651888,7.161655370851369e-05,0.03230978117768219,0.0003688210227467118,0.0006387674674925378,,[],,[]
straight__spatial_n9,deterministic_fixture,straight,straight,spatial,,"{""amplitude_base"": 0.02, ""amplitude_effective"": 0.02, ""amplitude_factor"": 1.0, ""initial_condition_is_perturbation_only"": true, ""mode"": ""deterministic_sine"", ""noise_fraction"": 0.0, ""seed"": null}",0.1,5.0,0.02,1.0,0.02,9,0.001,0.001,0.001,0,1501,0.8212785803747471,0.08000000000000002,0.001,sub-threshold-or-relaxing,,0.02,0.03681701765419713,"[0.019743126228127565, 1.3010426069826053e-18, -1.171460587057649e-06, 3.2526065174565133e-18, 2.069336095707197e-10, -7.589415207398531e-19]","{""1"": 0.9999999964793445, ""2"": 4.342613643696931e-33, ""3"": 3.5206553899442712e-09, ""4"": 2.714133527310582e-32, ""5"": 1.0985762874301059e-16, ""6"": 1.4776949204246502e-33}",2.3718676928890636e-05,0.0005509675777154526,2.3242343940349373,2.303547877611522,0.01200107034246057,0.01154621263280639,7.239119113238235e-05,0.01594757462459646,0.00010393956208125961,0.0003588230428295504,,[],,[]
straight__spatial_n13,deterministic_fixture,straight,straight,spatial,,"{""amplitude_base"": 0.02, ""amplitude_effective"": 0.02, ""amplitude_factor"": 1.0, ""initial_condition_is_perturbation_only"": true, ""mode"": ""deterministic_sine"", ""noise_fraction"": 0.0, ""seed"": null}",0.1,5.0,0.02,1.0,0.02,13,0.001,0.001,0.001,0,1501,0.8212785803747471,0.08000000000000002,0.001,sub-threshold-or-relaxing,,0.02,0.03622905295309325,"[0.0198848240082515, 3.7947076036992655e-18, -1.205154118781972e-06, -1.1384122811097797e-18, 2.18331721300348e-10, -8.131516293641283e-19]","{""1"": 0.9999999963268243, ""2"": 3.641775167834191e-32, ""3"": 3.673175457973514e-09, ""4"": 3.2775976510507715e-33, ""5"": 1.2055637275238667e-16, ""6"": 1.6722436995157e-33}",2.4060563627020934e-05,0.0005389808783747095,2.324238455607544,2.303900775530982,0.011802517695625708,0.011360137359312511,7.253997843449459e-05,0.010470406618322261,4.715539432492623e-05,0.00024391541635673353,,[],,[]
boundary_near__spatial_n5,deterministic_fixture,boundary-near,boundary_near,spatial,,"{""amplitude_base"": 0.02, ""amplitude_effective"": 0.02, ""amplitude_factor"": 1.0, ""initial_condition_is_perturbation_only"": true, ""mode"": ""deterministic_sine"", ""noise_fraction"": 0.0, ""seed"": null}",0.3,5.0,0.02,1.0,0.02,5,0.001,0.001,0.001,0,1501,2.463835741124241,0.24,0.001,sub-threshold-or-relaxing,,0.042613096070856754,0.04741035924914106,"[0.036469273654528775, 5.898059818321144e-17, -0.002614091690993277, 3.903127820947816e-18, 0.0009147017747259507, -1.1275702593849246e-17]","{""1"": 0.9942660683122895, ""2"": 2.600559152098966e-30, ""3"": 0.005108460319111564, ""4"": 1.1388694383651396e-32, ""5"": 0.0006254713685988706, ""6"": 9.504638769565857e-32}",2.194696699759354e-05,0.01928683976512243,3.137359198678911,2.9895046159792784,0.18102663543088982,0.16241934881496506,0.0006576061821998329,0.15917994529566842,0.00019524653050400655,0.0002570740279500333,,[],,[]
boundary_near__spatial_n9,deterministic_fixture,boundary-near,boundary_near,spatial,,"{""amplitude_base"": 0.02, ""amplitude_effective"": 0.02, ""amplitude_factor"": 1.0, ""initial_condition_is_perturbation_only"": true, ""mode"": ""deterministic_sine"", ""noise_fraction"": 0.0, ""seed"": null}",0.3,5.0,0.02,1.0,0.02,9,0.001,0.001,0.001,0,1501,2.463835741124241,0.24,0.001,sub-threshold-or-relaxing,,0.042102281367563874,0.05232910913160704,"[0.03842580508705194, 1.2110538266663085e-16, -0.0026363145794012213, -3.252606517456513e-17, 0.00018162905449856342, -1.734723475976807e-18]","{""1"": 0.9952928729470675, ""2"": 9.886255628335438e-30, ""3"": 0.004684890084091033, ""4"": 7.1312883783554195e-31, ""5"": 2.2236968841462953e-05, ""6"": 2.0284553609544303e-33}",2.3718676928890636e-05,0.017281900867294798,3.1373882676588267,3.001374708901246,0.1666652949998193,0.15008002627642458,0.0006729134669713183,0.07977591121205552,6.489988254554296e-05,0.00016813303916945327,,[],,[]
boundary_near__spatial_n13,deterministic_fixture,boundary-near,boundary_near,spatial,,"{""amplitude_base"": 0.02, ""amplitude_effective"": 0.02, ""amplitude_factor"": 1.0, ""initial_condition_is_perturbation_only"": true, ""mode"": ""deterministic_sine"", ""noise_fraction"": 0.0, ""seed"": null}",0.3,5.0,0.02,1.0,0.02,13,0.001,0.001,0.001,0,1501,2.463835741124241,0.24,0.001,sub-threshold-or-relaxing,,0.042063457655359626,0.05368903513579753,"[0.03900233632800092, -3.333921680392926e-17, -0.0025276380585031507, -6.288372600415926e-18, 0.00016798919442253223, -2.3093506273941244e-17]","{""1"": 0.9957991771486393, ""2"": 7.2761443034610126e-31, ""3"": 0.004182349180061703, ""4"": 2.5886125387632067e-32, ""5"": 1.8473671298970073e-05, ""6"": 3.4911641578819243e-31}",2.4060563627020934e-05,0.016937945729944254,3.13739375020838,3.0036097813588345,0.16395641956650625,0.1477183577153902,0.0006758233152016552,0.052802796226185805,3.944097601597993e-05,0.00015242906535828924,,[],,[]
buckled__spatial_n5,deterministic_fixture,buckled-candidate,buckled,spatial,,"{""amplitude_base"": 0.02, ""amplitude_effective"": 0.02, ""amplitude_factor"": 1.0, ""initial_condition_is_perturbation_only"": true, ""mode"": ""deterministic_sine"", ""noise_fraction"": 0.0, ""seed"": null}",0.5,5.0,0.02,1.0,0.02,5,0.001,0.001,0.001,0,1501,4.106392901873735,0.4,0.001,buckling-candidate,1.1619999999999828,0.09033361894795135,0.0851756332450818,"[0.06240453075151787, -1.3010426069826053e-16, -0.014792940630832264, -1.3010426069826053e-17, 0.005680594638698366, 3.230922474006803e-17]","{""1"": 0.939427150370462, ""2"": 4.0833245729680995e-30, ""3"": 0.05278856938049804, ""4"": 4.0833245729680994e-32, ""5"": 0.007784280249039938, ""6"": 2.51816357901291e-31}",2.194696699759354e-05,0.15302860078444,4.234991946865904,3.748537703094103,0.760801435352366,0.609539916333626,0.0017451347987037721,0.39814127316651743,0.0006443242657413138,0.0006611144412100711,,[],,[]
buckled__spatial_n9,deterministic_fixture,buckled-candidate,buckled,spatial,,"{""amplitude_base"": 0.02, ""amplitude_effective"": 0.02, ""amplitude_factor"": 1.0, ""initial_condition_is_perturbation_only"": true, ""mode"": ""deterministic_sine"", ""noise_fraction"": 0.0, ""seed"": null}",0.5,5.0,0.02,1.0,0.02,9,0.001,0.001,0.001,0,1501,4.106392901873735,0.4,0.001,buckling-candidate,1.114999999999988,0.11641400662797997,0.17643628959095872,"[0.06578866287618701, -2.441623292437356e-16, -0.023459977786239324, 5.2258544713801314e-17, 0.011806258593082788, -1.951563910473908e-18]","{""1"": 0.8625406223053138, ""2"": 1.1880501054466257e-29, ""3"": 0.10968131068568289, ""4"": 5.442420092694038e-31, ""5"": 0.02777806700900344, ""6"": 7.590021306592812e-34}",2.3718676928890636e-05,0.1363510719345287,4.235031185884478,3.790427815503032,0.7016295182632327,0.5671266265208699,0.0018244615152371421,0.2028064249350986,0.0003328308218241291,0.0006551517489169377,,[],,[]
buckled__spatial_n13,deterministic_fixture,buckled-candidate,buckled,spatial,,"{""amplitude_base"": 0.02, ""amplitude_effective"": 0.02, ""amplitude_factor"": 1.0, ""initial_condition_is_perturbation_only"": true, ""mode"": ""deterministic_sine"", ""noise_fraction"": 0.0, ""seed"": null}",0.5,5.0,0.02,1.0,0.02,13,0.001,0.001,0.001,0,1501,4.106392901873735,0.4,0.001,buckling-candidate,1.1169999999999878,0.11293553452041064,0.18154733885277827,"[0.0663345248177193, 1.618713843520858e-16, -0.0249979120781566, -3.581119775719621e-16, 0.012712711791251557, 2.6487059073820873e-16]","{""1"": 0.8483627649366534, ""2"": 5.05175774247749e-30, ""3"": 0.12047857619699608, ""4"": 2.4725213346454294e-29, ""5"": 0.031158658866350483, ""6"": 1.3526014051186642e-29}",2.4060563627020934e-05,0.1341029640447094,4.235038586552276,3.79745364097776,0.6904888869709446,0.5582503182887776,0.0018403347989142376,0.13513183182114827,0.0003338412554302718,0.0009719851889258098,,[],,[]
