cell,G_b,chi,actual_G_b,actual_chi,label,waveform_class,unresolved_reason,dominant_mode,A_max_over_L,first_mode_fraction,curvature_rms,onset_time,dissipation_energy,accepted_steps,rejected_steps,failure_reason
gb_0.08_chi_8e-05,0.08,8e-05,0.08,8e-05,straight,sub_threshold_transient,sub_threshold_transient,1,0.021990843493557715,0.7788598960859722,1.6152335062525207,,1365.129938582498,219,318,
gb_0.08_chi_0.000125,0.08,0.000125,0.08,0.000125,straight,sub_threshold_transient,sub_threshold_transient,1,0.012391595663580493,0.9878041549240613,0.26704058812473735,,1471.5620082781084,228,335,
gb_0.08_chi_0.00018,0.08,0.00018,0.08,0.00018,straight,sub_threshold_transient,sub_threshold_transient,1,0.014255509905002172,0.9923720060338609,0.4538730766389584,,1572.4142827227904,236,351,
gb_0.08_chi_0.00025,0.08,0.00025,0.08,0.00025,straight,sub_threshold_transient,sub_threshold_transient,1,0.013182498276040908,0.997542401004389,0.24448100321275082,,1506.2461472425432,237,352,
gb_0.08_chi_0.00035,0.08,0.00035,0.08,0.00034999999999999994,straight,sub_threshold_transient,sub_threshold_transient,1,0.012827116592051345,0.9996345285355105,0.08186221505179725,,1394.7050602002619,224,329,
gb_0.08_chi_0.0005,0.08,0.0005,0.08,0.0005,straight,sub_threshold_transient,sub_threshold_transient,1,0.013486399307408832,0.9997307062446794,1.287275855525423,,1181.941930727965,204,291,
gb_0.08_chi_0.0007,0.08,0.0007,0.08,0.0006999999999999999,straight,sub_threshold_transient,sub_threshold_transient,1,0.014712825043215737,0.9998760374971094,0.05372240617430805,,1219.9700247340272,203,288,
gb_0.08_chi_0.001,0.08,0.001,0.08,0.001,straight,sub_threshold_transient,sub_threshold_transient,1,0.016703915287422873,0.9998970676706596,0.8527077197980287,,1254.421788815192,214,306,
gb_0.12_chi_8e-05,0.12,8e-05,0.12,8e-05,straight,sub_threshold_transient,sub_threshold_transient,1,0.022982629659899504,0.7154969767404483,1.6994129171727972,,1373.8860653752406,218,317,
gb_0.12_chi_0.000125,0.12,0.000125,0.12,0.000125,straight,sub_threshold_transient,sub_threshold_transient,1,0.017765282469975777,0.9146445431205816,1.4914419098189522,,1503.6802262801477,235,348,
gb_0.12_chi_0.00018,0.12,0.00018,0.12,0.00018,straight,sub_threshold_transient,sub_threshold_transient,1,0.013714841971385358,0.9975430404181814,0.25256451100154864,,1525.5396988016462,237,352,
gb_0.12_chi_0.00025,0.12,0.00025,0.12,0.00025,straight,sub_threshold_transient,sub_threshold_transient,1,0.01435401650077743,0.9982902434831789,1.0034774012335808,,1290.4254747183288,214,309,
gb_0.12_chi_0.00035,0.12,0.00035,0.12,0.00034999999999999994,straight,sub_threshold_transient,sub_threshold_transient,1,0.015270068045873142,0.9991138771162439,0.08773950459493492,,1208.9064801727122,203,286,
gb_0.12_chi_0.0005,0.12,0.0005,0.12,0.0005,straight,sub_threshold_transient,sub_threshold_transient,1,0.017397994301386353,0.9991109530730853,1.5843419436099198,,1229.4580496711158,203,289,
gb_0.12_chi_0.0007,0.12,0.0007,0.12,0.0006999999999999999,straight,sub_threshold_transient,sub_threshold_transient,1,0.020543130241452094,0.9994952361300382,0.33281378494992553,,1351.041149500269,219,312,
gb_0.12_chi_0.001,0.12,0.001,0.12,0.001,straight,sub_threshold_transient,sub_threshold_transient,1,0.026096435523532684,0.9997166542269383,1.1998707540494604,,1455.578871187989,234,333,
gb_0.16_chi_8e-05,0.16,8e-05,0.16,8e-05,straight,sub_threshold_transient,sub_threshold_transient,1,0.025748339395289872,0.6624546490523165,1.6863723400933743,,1374.468364252928,219,320,
gb_0.16_chi_0.000125,0.16,0.000125,0.16,0.000125,straight,sub_threshold_transient,sub_threshold_transient,1,0.018877002996410874,0.8979053584497912,0.5328721323136817,,1389.1227213201648,224,328,
gb_0.16_chi_0.00018,0.16,0.00018,0.16,0.00018,straight,sub_threshold_transient,sub_threshold_transient,1,0.014441187941938022,0.9983696141993852,0.9380232112212822,,1181.7780056070562,214,309,
gb_0.16_chi_0.00025,0.16,0.00025,0.16,0.00025,straight,sub_threshold_transient,sub_threshold_transient,1,0.016117238866442153,0.9979559716409854,1.4510163963374902,,1199.8874872756305,205,293,
gb_0.16_chi_0.00035,0.16,0.00035,0.16,0.00034999999999999994,straight,sub_threshold_transient,sub_threshold_transient,1,0.018917644441011166,0.9969637416011434,0.173996189298145,,1239.340241561677,205,291,
gb_0.16_chi_0.0005,0.16,0.0005,0.16,0.0005,straight,sub_threshold_transient,sub_threshold_transient,1,0.022904133109743575,0.9968297640462274,0.2744067169566945,,1343.6754578987016,219,312,
gb_0.16_chi_0.0007,0.16,0.0007,0.16,0.0006999999999999999,straight,sub_threshold_transient,sub_threshold_transient,1,0.028971285687743344,0.9979034359187374,0.295686616013305,,1428.8149407179826,228,325,
gb_0.16_chi_0.001,0.16,0.001,0.16,0.001,buckled-single,single_mode,single_mode,1,0.039811101030793626,0.9993100175646188,0.1284446544856305,0.17925000000000013,1328.7621400649316,227,316,
gb_0.2_chi_8e-05,0.2,8e-05,0.2,8e-05,straight,sub_threshold_transient,sub_threshold_transient,5,0.028721043538959653,0.575451620444744,1.344569116226932,,1394.096967042007,221,322,
gb_0.2_chi_0.000125,0.2,0.000125,0.2,0.000125,straight,sub_threshold_transient,sub_threshold_transient,1,0.02144622681717396,0.9027102386125456,1.4843810670559372,,1234.9167956298559,219,320,
gb_0.2_chi_0.00018,0.2,0.00018,0.2,0.00018,straight,sub_threshold_transient,sub_threshold_transient,1,0.015612252508144438,0.9979595023161497,1.5242932742758997,,1165.2415212424064,206,296,
gb_0.2_chi_0.00025,0.2,0.00025,0.2,0.00025,straight,sub_threshold_transient,sub_threshold_transient,1,0.019263265766100653,0.9946359976945581,0.4497398841074935,,1127.9189378908145,200,283,
gb_0.2_chi_0.00035,0.2,0.00035,0.2,0.00034999999999999994,straight,sub_threshold_transient,sub_threshold_transient,1,0.02390438235737325,0.9912773943256856,0.12902688412184407,,1259.1146656543283,209,297,
gb_0.2_chi_0.0005,0.2,0.0005,0.2,0.0005,buckled-single,single_mode,single_mode,1,0.03139964068123128,0.9882281155532833,0.3838222403307462,0.19550000000000015,1343.511788352461,224,320,
gb_0.2_chi_0.0007,0.2,0.0007,0.2,0.0006999999999999999,buckled-single,single_mode,single_mode,1,0.04243651874066847,0.9888611575465016,1.1914943754150016,0.17600000000000013,1459.8842766003756,228,322,
gb_0.2_chi_0.001,0.2,0.001,0.2,0.001,buckled-single,single_mode,single_mode,1,0.06538359562849357,0.9914525909473102,0.9650952553414409,0.1562500000000001,1490.4023918801192,220,300,
gb_0.24_chi_8e-05,0.24,8e-05,0.24,8e-05,unresolved,higher_mode_wave,higher_mode_wave,5,0.03136705924029569,0.5132965959022305,1.5050850961368556,0.18275000000000013,1482.2002911192017,234,344,
gb_0.24_chi_0.000125,0.24,0.000125,0.24,0.000125,straight,sub_threshold_transient,sub_threshold_transient,1,0.02545543585708725,0.8486755390576088,1.601145394338299,,1222.6680064152536,217,315,
gb_0.24_chi_0.00018,0.24,0.00018,0.24,0.00018,straight,sub_threshold_transient,sub_threshold_transient,1,0.016824614762627497,0.9956434252299377,1.0638966514410448,,1180.9471431885052,198,277,
gb_0.24_chi_0.00025,0.24,0.00025,0.24,0.00025,straight,sub_threshold_transient,sub_threshold_transient,1,0.02441890297394968,0.9841328115552591,0.7672357056307224,,1208.4856102586439,204,289,
gb_0.24_chi_0.00035,0.24,0.00035,0.24,0.00034999999999999994,buckled-single,single_mode,single_mode,1,0.034573263934755516,0.9610010068420956,0.5226123340061722,0.19075000000000014,1317.2756652301282,218,313,
gb_0.24_chi_0.0005,0.24,0.0005,0.24,0.0005,buckled-single,single_mode,single_mode,1,0.04787254433010937,0.9476479707401898,1.1735783207746413,0.17600000000000013,1452.241766778183,228,324,
gb_0.24_chi_0.0007,0.24,0.0007,0.24,0.0006999999999999999,buckled-single,single_mode,single_mode,1,0.06649222395671607,0.9548228176126278,0.6819742267627777,0.16050000000000011,1372.9671456712292,227,314,
gb_0.24_chi_0.001,0.24,0.001,0.24,0.001,buckled-single,single_mode,single_mode,1,0.1119578620019089,0.9454952736329834,1.3971322851526946,0.1427500000000001,1330.410684372219,212,280,
gb_0.3_chi_8e-05,0.3,8e-05,0.3,8e-05,unresolved,higher_mode_wave,higher_mode_wave,5,0.03351721034702129,0.47539326216774974,1.604591518722589,0.1560000000000001,1476.4682199686254,230,335,
gb_0.3_chi_0.000125,0.3,0.000125,0.3,0.000125,unresolved,mixed_mode,mixed_mode,1,0.03361457303867963,0.6634797039135297,1.235120388611582,0.18650000000000014,1226.5683884129105,215,309,
gb_0.3_chi_0.00018,0.3,0.00018,0.3,0.00018,straight,sub_threshold_transient,sub_threshold_transient,1,0.026534702789863175,0.9339579961271548,0.6329487859808076,,1180.3131933876566,204,289,
gb_0.3_chi_0.00025,0.3,0.00025,0.3,0.00025,buckled-single,single_mode,single_mode,1,0.031145061048609243,0.965548890026202,0.8123937053797742,0.19725000000000015,1287.3300290062455,215,306,
gb_0.3_chi_0.00035,0.3,0.00035,0.3,0.00034999999999999994,buckled-single,single_mode,single_mode,1,0.05393759554513128,0.8989524117104121,0.6257168777930877,0.17700000000000013,1336.0839857067997,225,319,
gb_0.3_chi_0.0005,0.3,0.0005,0.3,0.0005,buckled-single,single_mode,single_mode,1,0.0943295019320799,0.7515450286254665,1.4254434622081336,0.1535000000000001,1545.847018498318,228,317,
gb_0.3_chi_0.0007,0.3,0.0007,0.3,0.0006999999999999999,buckled-single,single_mode,single_mode,1,0.12561088429132242,0.800564512768301,1.4539153484338367,0.1425000000000001,1364.3382961501425,215,288,
gb_0.3_chi_0.001,0.3,0.001,0.3,0.001,buckled-single,single_mode,single_mode,1,0.1731659386039169,0.8714806578316981,1.4678656277938926,0.12625000000000008,1263.269632014716,194,233,
gb_0.38_chi_8e-05,0.38,8e-05,0.38000000000000006,8e-05,unresolved,higher_mode_wave,higher_mode_wave,5,0.037275843638888015,0.47965335382876717,2.0697486882244753,0.1457500000000001,1551.888563336596,233,338,
gb_0.38_chi_0.000125,0.38,0.000125,0.38,0.000125,unresolved,higher_mode_wave,higher_mode_wave,5,0.04110774834659695,0.6427066174625773,1.9193628893070764,0.16925000000000012,1169.692503087232,204,285,
gb_0.38_chi_0.00018,0.38,0.00018,0.38,0.00018,buckled-single,single_mode,single_mode,1,0.040901249681384956,0.7484910304271503,2.1762383029163694,0.16775000000000012,1159.229325521701,209,295,
gb_0.38_chi_0.00025,0.38,0.00025,0.38,0.00025,buckled-single,single_mode,single_mode,1,0.052180676136778466,0.7446353842866591,1.573723437053407,0.16425000000000012,1318.6962275363303,217,305,
gb_0.38_chi_0.00035,0.38,0.00035,0.38,0.00034999999999999994,buckled-single,single_mode,single_mode,1,0.09373556843986983,0.7155144125340588,1.444556177191992,0.1560000000000001,1449.4462325613426,233,326,
gb_0.38_chi_0.0005,0.38,0.0005,0.38,0.0005,buckled-single,single_mode,single_mode,1,0.12152989022124236,0.7606030779192626,1.4722155466992877,0.1457500000000001,1256.6382682217309,213,285,
gb_0.38_chi_0.0007,0.38,0.0007,0.38,0.0006999999999999999,buckled-single,single_mode,single_mode,1,0.1521751123817714,0.7599393215942518,1.7639872838246404,0.12675000000000008,1249.1700832329154,200,248,
gb_0.38_chi_0.001,0.38,0.001,0.38,0.001,buckled-single,single_mode,single_mode,1,0.20393564899259853,0.8381122442803045,1.7275974537227956,0.11100000000000008,1081.3525395956738,179,197,
